,psnr,ssim,lpips,fid
0,15.513116836547852,0.5724649429321289,0.3712148666381836,4.0623487744787585
