,psnr,ssim,lpips
37,14.582999229431152,0.5558101534843445,0.3987003564834595
01,16.443233489990234,0.5891197919845581,0.3437294065952301
