,psnr,ssim,lpips,fid
0,15.907262802124023,0.5778464078903198,0.37162715196609497,4.245153374663188
