,psnr,ssim,lpips
01,16.80327606201172,0.5975803732872009,0.32837727665901184
37,15.011250495910645,0.558112382888794,0.4148770570755005
