,psnr,ssim,lpips,fid
0,17.974153518676758,0.5884029865264893,0.3085882365703583,3.002492690152305
