,psnr,ssim,lpips
01,18.39297866821289,0.6100824475288391,0.28096914291381836
37,17.555328369140625,0.5667235851287842,0.3362073302268982
