,psnr,ssim,lpips,fid
0,25.75989532470703,0.7232224345207214,0.1686892956495285,2.6659305966168327
