,psnr,ssim,lpips
01,25.529251098632812,0.7354363799095154,0.15355409681797028
37,25.990537643432617,0.7110084891319275,0.18382449448108673
