,psnr,ssim,lpips,fid
0,16.753135681152344,0.5790646076202393,0.34626305103302,3.396127588548705
