,psnr,ssim,lpips
01,17.569744110107422,0.6030415296554565,0.31029051542282104
37,15.93652629852295,0.5550876259803772,0.382235586643219
